232, 163, 233, 162, 238, 162, 239, 163, 250, 163, 251, 164, 252, 164, 253, 163, 256, 166, 256, 168, 257, 169, 257, 172, 254, 175, 241, 175, 240, 174, 235, 174, 234, 173, 232, 173, 231, 172, 231, 171, 232, 170,
89, 162, 101, 162, 102, 163, 103, 163, 105, 165, 105, 167, 107, 169, 107, 172, 106, 173, 105, 172, 102, 172, 101, 171, 97, 171, 96, 170, 92, 170, 91, 169, 89, 169, 87, 167, 87, 164, 
157, 161, 165, 161, 166, 162, 173, 162, 174, 163, 177, 163, 179, 165, 179, 166, 181, 168, 181, 169, 182, 170, 182, 171, 183, 172, 182, 173, 159, 173, 157, 171, 157, 170, 155, 168, 155, 166, 156, 165, 156, 164, 155, 163, 
41, 162, 42, 161, 47, 161, 48, 162, 51, 162, 53, 164, 53, 169, 52, 170, 51, 170, 50, 169, 47, 169, 46, 168, 45, 168, 44, 167, 43, 167, 42, 166, 42, 164, 41, 163, 
577, 161, 578, 160, 580, 160, 581, 161, 595, 161, 596, 162, 596, 163, 597, 164, 597, 167, 598, 168, 598, 170, 599, 171, 599, 172, 598, 173, 598, 174, 597, 175, 578, 175, 577, 174, 577, 169, 576, 168, 576, 166, 577, 165, 
513, 161, 514, 160, 516, 160, 518, 162, 518, 163, 520, 165, 520, 166, 522, 168, 522, 173, 521, 174, 521, 177, 520, 178, 520, 181, 519, 182, 519, 185, 517, 187, 515, 187, 514, 188, 511, 188, 510, 189, 499, 189, 498, 188, 493, 188, 492, 187, 492, 184, 493, 183, 493, 178, 494, 177, 494, 176, 495, 175, 495, 170, 496, 169, 496, 164, 497, 163, 500, 163, 501, 162, 504, 162, 505, 161, 
27, 160, 34, 160, 35, 161, 38, 161, 39, 162, 39, 167, 37, 169, 36, 169, 35, 168, 32, 168, 31, 167, 29, 167, 28, 166, 27, 166, 25, 164, 25, 162, 
633, 160, 634, 159, 635, 159, 637, 161, 637, 168, 634, 171, 631, 171, 630, 172, 627, 172, 626, 173, 623, 173, 621, 171, 621, 170, 620, 169, 620, 168, 621, 167, 621, 165, 622, 164, 622, 163, 624, 161, 627, 161, 628, 160, 
208, 160, 209, 159, 211, 159, 212, 160, 221, 160, 222, 161, 227, 161, 228, 162, 229, 162, 230, 163, 229, 164, 229, 172, 227, 174, 226, 174, 225, 175, 223, 175, 222, 176, 220, 176, 219, 175, 218, 175, 216, 173, 215, 173, 214, 172, 213, 172, 212, 171, 211, 171, 210, 170, 210, 169, 209, 168, 209, 164, 208, 163, 
194, 160, 195, 159, 197, 159, 198, 160, 204, 160, 205, 161, 205, 163, 206, 164, 206, 167, 207, 168, 207, 170, 206, 171, 205, 171, 204, 172, 190, 172, 189, 171, 186, 171, 185, 170, 185, 169, 184, 168, 184, 167, 183, 166, 183, 165, 181, 163, 181, 161, 182, 160, 
117, 157, 118, 156, 124, 156, 128, 160, 128, 165, 129, 166, 129, 168, 128, 169, 122, 169, 121, 168, 110, 168, 109, 167, 109, 166, 108, 165, 108, 164, 107, 163, 107, 162, 106, 161, 106, 159, 108, 157, 
614, 155, 615, 154, 618, 154, 619, 155, 619, 158, 620, 159, 620, 160, 619, 161, 619, 163, 618, 164, 618, 166, 617, 167, 616, 167, 615, 168, 612, 168, 611, 169, 607, 169, 606, 170, 604, 170, 603, 171, 602, 171, 601, 170, 601, 167, 600, 166, 600, 164, 599, 163, 599, 158, 602, 155, 
69, 155, 70, 154, 71, 154, 72, 155, 81, 155, 82, 154, 84, 156, 84, 158, 85, 159, 85, 163, 84, 164, 84, 165, 83, 166, 78, 166, 77, 165, 74, 165, 73, 164, 71, 164, 69, 162, 
132, 154, 133, 153, 149, 153, 150, 154, 150, 155, 151, 156, 151, 157, 153, 159, 153, 166, 152, 167, 132, 167, 131, 166, 131, 161, 130, 160, 130, 157, 128, 155, 129, 154, 
54, 154, 55, 153, 60, 153, 61, 154, 65, 154, 66, 155, 66, 158, 67, 159, 67, 163, 66, 164, 61, 164, 60, 163, 59, 163, 58, 162, 57, 162, 54, 159, 
481, 153, 482, 152, 485, 152, 487, 154, 487, 155, 490, 158, 490, 159, 493, 162, 493, 172, 492, 173, 492, 174, 491, 175, 491, 178, 490, 179, 490, 188, 487, 191, 485, 191, 484, 190, 476, 190, 475, 189, 471, 189, 470, 190, 466, 190, 465, 189, 463, 189, 462, 188, 462, 176, 461, 175, 462, 174, 462, 172, 463, 171, 463, 168, 464, 167, 464, 157, 465, 156, 468, 156, 469, 155, 472, 155, 473, 154, 475, 154, 476, 153, 
91, 153, 92, 152, 102, 152, 103, 153, 103, 154, 104, 155, 104, 159, 103, 160, 97, 160, 96, 159, 88, 159, 87, 158, 87, 155, 86, 154, 87, 153, 
419, 152, 420, 151, 424, 151, 425, 152, 425, 153, 427, 155, 427, 156, 428, 157, 428, 158, 429, 159, 429, 160, 430, 161, 430, 183, 429, 184, 429, 187, 428, 188, 427, 188, 426, 189, 424, 189, 423, 190, 413, 190, 412, 189, 399, 189, 398, 188, 399, 187, 399, 170, 398, 169, 398, 166, 397, 165, 397, 154, 398, 153, 404, 153, 405, 152, 410, 152, 411, 153, 415, 153, 416, 152, 
5, 152, 6, 151, 14, 151, 15, 152, 20, 152, 21, 153, 21, 157, 22, 158, 20, 160, 19, 160, 18, 161, 12, 161, 11, 160, 7, 160, 6, 159, 6, 157, 5, 156, 
40, 151, 41, 150, 42, 151, 50, 151, 51, 152, 51, 157, 52, 158, 51, 159, 45, 159, 44, 158, 42, 158, 41, 157, 41, 154, 40, 153, 
453, 150, 454, 149, 461, 156, 461, 158, 462, 159, 462, 164, 461, 165, 461, 168, 460, 169, 460, 170, 459, 171, 459, 187, 460, 188, 460, 189, 459, 190, 455, 190, 454, 189, 445, 189, 444, 188, 436, 188, 435, 187, 433, 187, 432, 186, 432, 180, 433, 179, 433, 159, 432, 158, 432, 157, 430, 155, 431, 154, 433, 154, 434, 153, 439, 153, 440, 152, 443, 152, 444, 151, 449, 151, 450, 150, 
382, 150, 383, 149, 392, 149, 393, 150, 393, 151, 395, 153, 395, 159, 394, 160, 394, 161, 393, 162, 388, 162, 387, 163, 366, 163, 365, 162, 365, 157, 366, 156, 366, 155, 365, 154, 365, 152, 366, 151, 367, 152, 371, 152, 372, 151, 377, 151, 378, 150, 
310, 150, 311, 149, 315, 149, 320, 154, 320, 155, 322, 157, 322, 159, 323, 160, 323, 164, 324, 165, 324, 167, 323, 168, 322, 168, 321, 169, 303, 169, 302, 170, 297, 170, 296, 171, 291, 171, 289, 169, 289, 166, 288, 165, 288, 164, 287, 163, 287, 158, 286, 157, 286, 154, 287, 153, 291, 153, 292, 154, 294, 154, 295, 153, 299, 153, 300, 152, 302, 152, 303, 151, 306, 151, 307, 150, 
25, 149, 33, 149, 34, 150, 36, 150, 37, 151, 37, 153, 38, 154, 38, 156, 39, 157, 38, 158, 25, 158, 24, 157, 24, 154, 23, 153, 23, 151, 
273, 148, 274, 147, 278, 147, 283, 152, 283, 156, 284, 157, 284, 162, 285, 163, 285, 166, 286, 167, 286, 169, 287, 170, 286, 171, 284, 171, 283, 170, 273, 170, 272, 171, 266, 171, 265, 172, 261, 172, 259, 170, 259, 166, 258, 165, 258, 162, 257, 161, 257, 154, 256, 153, 256, 149, 257, 148, 
152, 148, 153, 147, 164, 147, 165, 148, 172, 148, 173, 149, 174, 149, 176, 151, 176, 152, 177, 153, 177, 155, 178, 156, 178, 158, 179, 159, 178, 160, 172, 160, 171, 159, 161, 159, 160, 158, 156, 158, 155, 157, 155, 156, 153, 154, 153, 152, 152, 151, 
194, 146, 195, 145, 201, 145, 202, 146, 202, 148, 203, 149, 203, 151, 204, 152, 204, 155, 205, 156, 205, 157, 204, 158, 203, 158, 202, 157, 190, 157, 189, 158, 182, 158, 181, 157, 181, 155, 180, 154, 180, 153, 179, 152, 179, 150, 178, 149, 178, 148, 179, 147, 190, 147, 191, 146, 
354, 144, 355, 143, 357, 145, 357, 146, 359, 148, 359, 149, 361, 151, 361, 152, 362, 153, 362, 155, 363, 156, 363, 159, 362, 160, 362, 163, 359, 166, 359, 167, 358, 168, 357, 167, 351, 167, 350, 166, 328, 166, 326, 164, 326, 161, 325, 160, 325, 157, 326, 156, 327, 156, 328, 155, 333, 155, 335, 153, 336, 153, 337, 152, 338, 152, 339, 151, 340, 151, 342, 149, 343, 149, 344, 148, 345, 148, 346, 147, 348, 147, 349, 146, 350, 146, 351, 145, 352, 145, 353, 144, 
230, 144, 231, 143, 232, 143, 233, 144, 243, 144, 244, 143, 251, 143, 252, 144, 252, 145, 253, 146, 253, 151, 254, 152, 254, 159, 255, 160, 254, 161, 246, 161, 245, 160, 234, 160, 232, 158, 232, 153, 231, 152, 231, 146, 230, 145, 
219, 142, 220, 141, 226, 141, 227, 142, 227, 145, 228, 146, 228, 149, 229, 150, 229, 158, 228, 159, 226, 159, 225, 158, 220, 158, 219, 157, 208, 157, 207, 156, 207, 152, 206, 151, 206, 148, 205, 147, 205, 145, 204, 144, 205, 143, 216, 143, 217, 142, 
85, 142, 86, 141, 102, 141, 103, 142, 103, 148, 102, 149, 94, 149, 93, 150, 87, 150, 86, 149, 86, 143, 
68, 142, 69, 141, 81, 141, 82, 142, 82, 143, 83, 144, 83, 146, 84, 147, 83, 148, 83, 151, 82, 152, 77, 152, 76, 153, 75, 152, 72, 152, 71, 151, 68, 151, 67, 150, 67, 149, 68, 148, 
39, 142, 40, 141, 48, 141, 49, 142, 49, 144, 50, 145, 50, 147, 48, 149, 45, 149, 44, 148, 41, 148, 39, 146, 
118, 141, 119, 140, 120, 141, 123, 141, 124, 142, 124, 143, 125, 144, 125, 148, 126, 149, 126, 151, 124, 153, 121, 153, 120, 154, 108, 154, 105, 151, 105, 143, 106, 142, 109, 142, 110, 141, 
52, 141, 53, 140, 63, 140, 65, 142, 65, 150, 64, 151, 58, 151, 57, 150, 55, 150, 52, 147, 
521, 140, 522, 139, 526, 139, 527, 140, 538, 140, 539, 141, 549, 141, 550, 142, 550, 148, 549, 149, 549, 164, 548, 165, 544, 165, 543, 166, 533, 166, 532, 167, 525, 167, 524, 166, 524, 165, 522, 163, 522, 162, 520, 160, 520, 159, 519, 158, 519, 155, 520, 154, 520, 150, 521, 149, 521, 146, 522, 145, 522, 144, 521, 143, 
6, 140, 7, 139, 8, 139, 9, 140, 12, 140, 13, 141, 19, 141, 20, 142, 20, 143, 21, 144, 21, 148, 19, 150, 18, 149, 13, 149, 12, 148, 7, 148, 6, 147, 6, 146, 5, 145, 5, 142, 6, 141, 
555, 138, 568, 138, 569, 139, 575, 139, 576, 140, 576, 143, 577, 144, 577, 151, 576, 152, 576, 155, 575, 156, 575, 161, 574, 162, 574, 164, 573, 165, 552, 165, 551, 164, 551, 156, 552, 155, 552, 144, 553, 143, 553, 140, 
578, 138, 579, 137, 596, 137, 598, 139, 598, 141, 599, 142, 599, 153, 597, 155, 597, 156, 595, 158, 579, 158, 578, 157, 578, 156, 579, 155, 579, 151, 580, 150, 580, 149, 579, 148, 579, 139, 
136, 138, 137, 137, 145, 137, 149, 141, 149, 145, 150, 146, 150, 147, 149, 148, 149, 150, 148, 151, 147, 151, 146, 150, 140, 150, 139, 151, 130, 151, 129, 150, 129, 149, 128, 148, 128, 145, 127, 144, 127, 140, 128, 139, 131, 139, 132, 138, 
28, 137, 29, 136, 36, 136, 37, 137, 37, 146, 36, 147, 32, 147, 31, 146, 26, 146, 25, 147, 24, 146, 24, 145, 23, 144, 23, 140, 22, 139, 24, 137, 
606, 136, 607, 135, 618, 135, 619, 136, 619, 142, 620, 143, 620, 145, 619, 146, 619, 149, 618, 150, 618, 151, 617, 152, 609, 152, 608, 153, 602, 153, 601, 152, 601, 148, 602, 147, 602, 142, 601, 141, 601, 138, 600, 137, 601, 136, 
495, 135, 496, 134, 498, 134, 499, 135, 512, 135, 513, 136, 516, 136, 518, 138, 518, 139, 519, 140, 519, 145, 518, 146, 518, 149, 517, 150, 517, 156, 515, 158, 506, 158, 505, 159, 501, 159, 500, 160, 496, 160, 492, 156, 492, 155, 489, 152, 489, 151, 488, 150, 488, 143, 489, 142, 489, 136, 490, 135, 
176, 134, 177, 133, 179, 133, 180, 134, 196, 134, 198, 136, 198, 137, 199, 138, 199, 139, 200, 140, 200, 141, 199, 142, 197, 142, 196, 143, 191, 143, 190, 144, 186, 144, 185, 145, 179, 145, 177, 143, 177, 137, 176, 136, 
163, 132, 164, 131, 169, 131, 170, 132, 172, 132, 173, 133, 173, 136, 174, 137, 174, 139, 175, 140, 175, 145, 174, 146, 171, 146, 170, 145, 155, 145, 154, 144, 153, 144, 152, 143, 152, 141, 151, 140, 151, 139, 150, 138, 150, 137, 148, 135, 149, 134, 149, 133, 150, 132, 152, 132, 153, 133, 156, 133, 157, 132, 
47, 132, 48, 131, 49, 132, 49, 135, 50, 136, 50, 137, 49, 138, 46, 138, 45, 139, 40, 139, 39, 138, 39, 136, 40, 135, 40, 134, 41, 133, 44, 133, 45, 132, 
6, 130, 7, 129, 13, 129, 14, 130, 16, 130, 17, 129, 19, 129, 20, 130, 20, 133, 21, 134, 21, 135, 20, 136, 20, 137, 19, 138, 13, 138, 12, 137, 7, 137, 6, 136, 
302, 129, 303, 128, 305, 128, 309, 132, 309, 133, 310, 134, 310, 135, 311, 136, 311, 139, 312, 140, 312, 141, 313, 142, 313, 145, 314, 146, 313, 147, 306, 147, 305, 148, 303, 148, 302, 149, 299, 149, 298, 150, 296, 150, 295, 151, 286, 151, 285, 150, 285, 149, 281, 145, 281, 142, 280, 141, 280, 135, 279, 134, 280, 133, 284, 133, 285, 132, 291, 132, 292, 131, 294, 131, 295, 130, 296, 130, 297, 129, 
94, 129, 95, 128, 100, 128, 101, 129, 101, 130, 102, 131, 102, 133, 103, 134, 102, 135, 102, 137, 103, 138, 102, 139, 85, 139, 84, 138, 85, 137, 85, 130, 86, 129, 
51, 129, 52, 128, 54, 128, 55, 129, 59, 129, 60, 128, 63, 128, 64, 129, 64, 135, 63, 136, 63, 137, 62, 138, 58, 138, 57, 137, 54, 137, 52, 135, 52, 132, 51, 131, 
67, 128, 68, 127, 82, 127, 83, 128, 83, 131, 82, 132, 82, 137, 81, 138, 80, 138, 79, 139, 68, 139, 66, 137, 66, 136, 67, 135, 
330, 127, 331, 126, 334, 126, 335, 127, 337, 127, 338, 128, 340, 128, 341, 129, 343, 129, 344, 130, 345, 130, 346, 131, 349, 131, 350, 132, 351, 132, 352, 133, 353, 133, 354, 134, 354, 140, 353, 141, 352, 141, 351, 142, 350, 142, 349, 143, 347, 143, 346, 144, 345, 144, 344, 145, 343, 145, 342, 146, 341, 146, 340, 147, 339, 147, 337, 149, 336, 149, 335, 150, 334, 150, 333, 151, 332, 151, 330, 153, 323, 153, 319, 149, 319, 148, 316, 145, 316, 143, 315, 142, 315, 139, 314, 138, 314, 136, 313, 135, 313, 134, 314, 133, 319, 133, 320, 132, 321, 132, 322, 131, 323, 131, 325, 129, 326, 129, 327, 128, 328, 128, 329, 127, 
269, 127, 270, 126, 274, 126, 275, 127, 275, 128, 276, 129, 276, 130, 277, 131, 277, 138, 278, 139, 278, 144, 277, 145, 269, 145, 268, 146, 258, 146, 257, 145, 256, 145, 255, 144, 255, 143, 254, 142, 254, 141, 253, 140, 253, 136, 252, 135, 252, 131, 251, 130, 252, 129, 263, 129, 264, 128, 266, 128, 267, 127, 
116, 127, 117, 126, 121, 126, 122, 127, 122, 128, 123, 129, 123, 135, 124, 136, 124, 137, 123, 138, 114, 138, 113, 139, 106, 139, 105, 138, 105, 130, 104, 129, 106, 127, 
455, 126, 456, 125, 466, 125, 467, 126, 476, 126, 477, 127, 484, 127, 485, 128, 485, 131, 486, 132, 486, 134, 487, 135, 487, 137, 486, 138, 486, 145, 485, 146, 485, 149, 484, 150, 476, 150, 475, 151, 472, 151, 471, 152, 469, 152, 468, 153, 463, 153, 456, 146, 456, 128, 455, 127, 
382, 126, 383, 125, 388, 125, 389, 126, 389, 129, 390, 130, 390, 137, 391, 138, 391, 145, 390, 146, 384, 146, 383, 147, 378, 147, 377, 148, 374, 148, 373, 149, 363, 149, 362, 148, 362, 147, 361, 146, 361, 145, 359, 143, 359, 142, 357, 140, 357, 135, 356, 134, 356, 133, 361, 128, 361, 127, 362, 126, 
427, 124, 442, 124, 443, 125, 452, 125, 453, 126, 453, 142, 454, 143, 454, 146, 453, 147, 450, 147, 449, 148, 446, 148, 445, 149, 440, 149, 439, 150, 436, 150, 435, 151, 430, 151, 427, 148, 427, 147, 426, 146, 426, 144, 425, 143, 425, 126, 
401, 125, 402, 124, 422, 124, 423, 125, 423, 147, 424, 148, 423, 149, 416, 149, 415, 150, 401, 150, 400, 151, 398, 151, 395, 148, 395, 147, 394, 146, 394, 145, 393, 144, 393, 133, 392, 132, 392, 128, 394, 126, 395, 126, 396, 125, 
30, 125, 31, 124, 35, 124, 36, 125, 36, 129, 37, 130, 37, 131, 35, 133, 34, 133, 33, 134, 24, 134, 23, 133, 23, 130, 22, 129, 22, 128, 23, 127, 23, 126, 24, 125, 
239, 124, 240, 123, 246, 123, 247, 124, 247, 126, 248, 127, 248, 130, 249, 131, 249, 133, 250, 134, 250, 139, 249, 140, 247, 140, 246, 141, 240, 141, 239, 142, 237, 142, 236, 141, 231, 141, 227, 137, 227, 136, 226, 135, 226, 126, 227, 125, 228, 126, 232, 126, 233, 125, 236, 125, 237, 124, 
126, 123, 140, 123, 141, 124, 143, 124, 144, 125, 144, 126, 145, 127, 145, 128, 146, 129, 146, 130, 147, 131, 146, 132, 146, 133, 145, 134, 141, 134, 140, 135, 132, 135, 131, 136, 128, 136, 127, 137, 126, 136, 126, 132, 125, 131, 125, 126, 124, 125, 
219, 122, 220, 121, 224, 125, 224, 127, 223, 128, 223, 135, 224, 136, 224, 137, 223, 138, 220, 138, 219, 139, 216, 139, 215, 140, 213, 140, 212, 141, 204, 141, 203, 140, 203, 139, 202, 138, 202, 136, 201, 135, 201, 134, 199, 132, 200, 131, 200, 128, 201, 127, 201, 125, 202, 124, 203, 124, 204, 125, 207, 125, 208, 124, 211, 124, 212, 123, 215, 123, 216, 122, 
46, 121, 47, 120, 48, 120, 49, 121, 49, 127, 47, 129, 44, 129, 43, 130, 40, 130, 39, 129, 39, 126, 38, 125, 38, 122, 39, 121, 40, 122, 43, 122, 44, 121, 
10, 119, 11, 118, 20, 118, 21, 119, 21, 123, 20, 124, 20, 125, 19, 126, 17, 126, 16, 127, 8, 127, 7, 126, 7, 121, 9, 119, 
194, 118, 195, 117, 196, 118, 196, 119, 197, 120, 197, 121, 198, 122, 198, 128, 197, 129, 197, 130, 196, 131, 190, 131, 189, 132, 188, 132, 187, 131, 180, 131, 179, 130, 177, 130, 176, 129, 175, 129, 174, 128, 174, 123, 173, 122, 173, 121, 174, 120, 178, 120, 179, 121, 182, 121, 183, 120, 186, 120, 187, 119, 190, 119, 191, 118, 
86, 118, 87, 117, 100, 117, 101, 118, 101, 120, 102, 121, 102, 124, 100, 126, 86, 126, 85, 125, 85, 122, 86, 121, 
162, 117, 163, 116, 167, 116, 169, 118, 169, 119, 171, 121, 171, 127, 172, 128, 171, 129, 159, 129, 158, 130, 153, 130, 152, 129, 150, 129, 148, 127, 148, 126, 147, 125, 147, 124, 146, 123, 146, 122, 147, 121, 147, 118, 148, 117, 149, 117, 150, 118, 153, 118, 154, 117, 
56, 116, 57, 115, 64, 115, 66, 117, 66, 121, 65, 122, 65, 123, 63, 125, 60, 125, 59, 126, 53, 126, 52, 125, 52, 120, 51, 119, 51, 118, 53, 116, 
71, 115, 72, 114, 83, 114, 84, 115, 84, 117, 83, 118, 83, 124, 82, 125, 69, 125, 68, 124, 68, 116, 69, 115, 
116, 114, 117, 113, 118, 113, 120, 115, 120, 117, 121, 118, 121, 122, 120, 123, 117, 123, 116, 124, 112, 124, 111, 125, 105, 125, 104, 124, 104, 123, 105, 122, 105, 119, 103, 117, 106, 114, 
32, 113, 33, 112, 36, 112, 37, 113, 37, 116, 36, 117, 36, 120, 35, 121, 32, 121, 31, 122, 25, 122, 23, 120, 23, 117, 24, 116, 24, 115, 26, 113, 
602, 112, 603, 111, 604, 112, 612, 112, 613, 113, 618, 113, 619, 114, 619, 132, 618, 133, 602, 133, 599, 130, 599, 128, 600, 127, 600, 113, 601, 112, 
576, 112, 577, 111, 578, 111, 579, 112, 590, 112, 591, 113, 594, 113, 598, 117, 597, 118, 597, 133, 596, 134, 590, 134, 589, 135, 580, 135, 579, 134, 579, 128, 578, 127, 578, 118, 577, 117, 577, 114, 576, 113, 
553, 112, 554, 111, 563, 111, 564, 112, 568, 112, 569, 113, 572, 113, 574, 115, 574, 117, 575, 118, 575, 121, 576, 122, 576, 136, 575, 137, 573, 137, 572, 136, 554, 136, 553, 135, 
520, 112, 521, 111, 522, 111, 523, 112, 530, 112, 531, 113, 537, 113, 538, 114, 542, 114, 543, 115, 549, 115, 551, 117, 551, 138, 550, 139, 545, 139, 544, 138, 536, 138, 535, 137, 524, 137, 523, 136, 521, 136, 520, 135, 521, 134, 521, 119, 520, 118, 
552, 111, 553, 110, 554, 111, 553, 112, 
124, 110, 125, 111, 134, 111, 135, 110, 141, 110, 145, 114, 145, 117, 144, 118, 144, 120, 143, 121, 139, 121, 138, 120, 133, 120, 132, 121, 124, 121, 123, 120, 123, 115, 122, 114, 122, 112, 
294, 110, 295, 109, 301, 109, 302, 110, 302, 113, 303, 114, 303, 118, 304, 119, 304, 123, 305, 124, 303, 126, 299, 126, 298, 127, 294, 127, 293, 128, 291, 128, 290, 129, 287, 129, 286, 130, 280, 130, 279, 129, 279, 128, 278, 127, 278, 126, 277, 125, 277, 121, 276, 120, 276, 113, 277, 112, 282, 112, 283, 111, 289, 111, 290, 110, 
45, 110, 46, 109, 49, 109, 50, 110, 50, 113, 49, 114, 49, 116, 48, 117, 46, 117, 45, 118, 44, 118, 43, 119, 40, 119, 39, 118, 39, 111, 40, 110, 
326, 109, 327, 108, 328, 108, 329, 109, 329, 118, 330, 119, 330, 123, 329, 124, 328, 124, 327, 125, 326, 125, 325, 126, 324, 126, 323, 127, 322, 127, 320, 129, 319, 129, 318, 130, 317, 130, 316, 131, 312, 131, 310, 129, 310, 128, 307, 125, 307, 119, 306, 118, 306, 114, 305, 113, 305, 111, 306, 110, 317, 110, 318, 109, 
9, 109, 10, 108, 21, 108, 22, 109, 22, 113, 20, 115, 15, 115, 14, 116, 10, 116, 9, 115, 
489, 108, 490, 107, 491, 108, 492, 108, 493, 107, 494, 108, 498, 108, 499, 109, 506, 109, 507, 110, 509, 110, 510, 111, 514, 111, 515, 112, 516, 112, 517, 113, 517, 117, 518, 118, 518, 124, 519, 125, 519, 131, 518, 132, 518, 133, 517, 134, 516, 134, 515, 133, 508, 133, 507, 132, 506, 132, 505, 133, 504, 132, 491, 132, 490, 131, 489, 131, 488, 130, 488, 128, 487, 127, 487, 122, 488, 121, 488, 116, 489, 115, 
269, 108, 270, 107, 271, 107, 272, 108, 272, 109, 273, 110, 273, 118, 274, 119, 274, 123, 273, 124, 266, 124, 265, 125, 264, 125, 263, 126, 261, 126, 260, 127, 255, 127, 254, 126, 251, 126, 250, 125, 250, 123, 249, 122, 249, 116, 248, 115, 248, 113, 250, 111, 256, 111, 257, 110, 262, 110, 263, 109, 266, 109, 267, 108, 
236, 108, 237, 107, 244, 107, 246, 109, 246, 112, 245, 113, 245, 115, 246, 116, 246, 119, 245, 120, 242, 120, 241, 121, 236, 121, 235, 122, 233, 122, 232, 123, 227, 123, 224, 120, 224, 119, 223, 118, 223, 110, 224, 109, 230, 109, 231, 108, 
89, 107, 98, 107, 100, 109, 100, 113, 99, 114, 89, 114, 88, 115, 86, 113, 86, 112, 87, 111, 87, 109, 
357, 107, 358, 106, 359, 107, 359, 122, 360, 123, 359, 124, 359, 125, 354, 130, 353, 130, 352, 129, 350, 129, 349, 128, 347, 128, 346, 127, 344, 127, 343, 126, 341, 126, 340, 125, 338, 125, 337, 124, 336, 124, 335, 123, 333, 123, 332, 122, 332, 112, 331, 111, 331, 108, 332, 107, 
217, 105, 218, 104, 219, 105, 219, 106, 221, 108, 221, 118, 220, 119, 215, 119, 214, 120, 212, 120, 211, 121, 209, 121, 208, 122, 203, 122, 202, 121, 201, 121, 200, 120, 200, 119, 199, 118, 199, 117, 198, 116, 198, 114, 197, 113, 197, 110, 198, 109, 198, 108, 199, 107, 208, 107, 209, 106, 212, 106, 213, 105, 
189, 105, 190, 104, 193, 104, 194, 105, 194, 106, 195, 107, 195, 114, 194, 115, 191, 115, 190, 116, 188, 116, 187, 117, 183, 117, 182, 118, 177, 118, 176, 117, 174, 117, 170, 113, 170, 107, 171, 106, 172, 107, 179, 107, 180, 106, 184, 106, 185, 105, 
162, 105, 163, 104, 167, 104, 168, 105, 168, 113, 167, 114, 158, 114, 157, 115, 150, 115, 149, 114, 148, 114, 147, 113, 147, 111, 145, 109, 146, 108, 146, 107, 148, 105, 149, 105, 150, 106, 157, 106, 158, 105, 
61, 105, 62, 104, 63, 105, 66, 105, 67, 106, 67, 110, 66, 111, 66, 112, 65, 113, 54, 113, 53, 112, 53, 109, 52, 108, 53, 107, 53, 106, 54, 105, 
370, 104, 371, 103, 389, 103, 390, 104, 390, 111, 389, 112, 389, 121, 387, 123, 378, 123, 377, 124, 363, 124, 362, 123, 362, 114, 361, 113, 361, 106, 362, 105, 363, 105, 364, 104, 
72, 104, 73, 103, 82, 103, 84, 105, 84, 106, 85, 107, 85, 108, 84, 109, 84, 110, 83, 111, 73, 111, 72, 112, 70, 112, 69, 111, 69, 105, 70, 104, 
113, 101, 114, 100, 119, 100, 120, 101, 120, 103, 121, 104, 121, 107, 120, 108, 120, 109, 118, 111, 110, 111, 109, 112, 104, 112, 103, 111, 103, 108, 102, 107, 102, 104, 103, 103, 103, 102, 104, 101, 
457, 100, 458, 99, 466, 99, 467, 100, 477, 100, 478, 101, 484, 101, 485, 102, 485, 104, 486, 105, 486, 107, 487, 108, 487, 109, 486, 110, 486, 116, 485, 117, 485, 123, 484, 124, 473, 124, 472, 123, 459, 123, 458, 122, 456, 122, 455, 121, 455, 101, 456, 100, 
418, 99, 419, 98, 421, 98, 422, 99, 422, 112, 423, 113, 423, 120, 422, 121, 419, 121, 418, 122, 411, 122, 410, 121, 403, 121, 402, 122, 397, 122, 396, 123, 393, 123, 392, 124, 391, 123, 391, 122, 392, 121, 392, 103, 393, 102, 393, 101, 395, 99, 
43, 98, 51, 98, 53, 100, 52, 101, 52, 102, 51, 103, 51, 104, 49, 106, 48, 106, 47, 107, 42, 107, 41, 108, 40, 107, 40, 106, 41, 105, 41, 100, 
34, 99, 35, 98, 38, 98, 39, 99, 39, 100, 38, 101, 38, 104, 37, 105, 37, 108, 36, 109, 33, 109, 32, 110, 29, 110, 28, 111, 26, 111, 25, 110, 25, 105, 26, 104, 26, 103, 27, 102, 27, 100, 28, 99, 
429, 97, 430, 98, 447, 98, 448, 99, 452, 99, 453, 100, 453, 122, 452, 123, 450, 123, 449, 122, 438, 122, 437, 121, 426, 121, 425, 120, 425, 100, 426, 99, 427, 99, 
136, 98, 137, 97, 142, 97, 143, 98, 143, 100, 144, 101, 144, 105, 142, 107, 137, 107, 136, 108, 125, 108, 124, 107, 124, 105, 123, 104, 123, 101, 124, 100, 128, 100, 129, 99, 133, 99, 134, 98, 
89, 98, 90, 97, 98, 97, 99, 98, 99, 99, 100, 100, 100, 102, 99, 103, 99, 104, 98, 105, 88, 105, 86, 103, 86, 101, 87, 100, 87, 99, 88, 98, 
